<?xml version="1.0" encoding="UTF-8"?>
<!DOCTYPE mapper PUBLIC "-//mybatis.org//DTD Mapper 3.0//EN" "http://mybatis.org/dtd/mybatis-3-mapper.dtd">
<mapper namespace="com.briup.apps.poll1.dao.AnswersMapper">
  <resultMap id="BaseResultMap" type="com.briup.apps.poll1.bean.Answers">
    <!--
      WARNING - @mbg.generated
      This element is automatically generated by MyBatis Generator, do not modify.
      This element was generated on Tue Jun 26 10:41:33 CST 2018.
    -->
    <id column="id" jdbcType="BIGINT" property="id" />
    <result column="selections" jdbcType="VARCHAR" property="selections" />
    <result column="checkes" jdbcType="VARCHAR" property="checkes" />
    <result column="content" jdbcType="VARCHAR" property="content" />
    <result column="survey_id" jdbcType="BIGINT" property="surveyId" />
  </resultMap>
  <sql id="Example_Where_Clause">
    <!--
      WARNING - @mbg.generated
      This element is automatically generated by MyBatis Generator, do not modify.
      This element was generated on Tue Jun 26 10:41:33 CST 2018.
    -->
    <where>
      <foreach collection="oredCriteria" item="criteria" separator="or">
        <if test="criteria.valid">
          <trim prefix="(" prefixOverrides="and" suffix=")">
            <foreach collection="criteria.criteria" item="criterion">
              <choose>
                <when test="criterion.noValue">
                  and ${criterion.condition}
                </when>
                <when test="criterion.singleValue">
                  and ${criterion.condition} #{criterion.value}
                </when>
                <when test="criterion.betweenValue">
                  and ${criterion.condition} #{criterion.value} and #{criterion.secondValue}
                </when>
                <when test="criterion.listValue">
                  and ${criterion.condition}
                  <foreach close=")" collection="criterion.value" item="listItem" open="(" separator=",">
                    #{listItem}
                  </foreach>
                </when>
              </choose>
            </foreach>
          </trim>
        </if>
      </foreach>
    </where>
  </sql>
  <sql id="Update_By_Example_Where_Clause">
    <!--
      WARNING - @mbg.generated
      This element is automatically generated by MyBatis Generator, do not modify.
      This element was generated on Tue Jun 26 10:41:33 CST 2018.
    -->
    <where>
      <foreach collection="example.oredCriteria" item="criteria" separator="or">
        <if test="criteria.valid">
          <trim prefix="(" prefixOverrides="and" suffix=")">
            <foreach collection="criteria.criteria" item="criterion">
              <choose>
                <when test="criterion.noValue">
                  and ${criterion.condition}
                </when>
                <when test="criterion.singleValue">
                  and ${criterion.condition} #{criterion.value}
                </when>
                <when test="criterion.betweenValue">
                  and ${criterion.condition} #{criterion.value} and #{criterion.secondValue}
                </when>
                <when test="criterion.listValue">
                  and ${criterion.condition}
                  <foreach close=")" collection="criterion.value" item="listItem" open="(" separator=",">
                    #{listItem}
                  </foreach>
                </when>
              </choose>
            </foreach>
          </trim>
        </if>
      </foreach>
    </where>
  </sql>
  <sql id="Base_Column_List">
    <!--
      WARNING - @mbg.generated
      This element is automatically generated by MyBatis Generator, do not modify.
      This element was generated on Tue Jun 26 10:41:33 CST 2018.
    -->
    id, selections, checkes, content, survey_id
  </sql>
  <select id="selectByExample" parameterType="com.briup.apps.poll1.bean.AnswersExample" resultMap="BaseResultMap">
    <!--
      WARNING - @mbg.generated
      This element is automatically generated by MyBatis Generator, do not modify.
      This element was generated on Tue Jun 26 10:41:33 CST 2018.
    -->
    select
    <if test="distinct">
      distinct
    </if>
    <include refid="Base_Column_List" />
    from poll_answers
    <if test="_parameter != null">
      <include refid="Example_Where_Clause" />
    </if>
    <if test="orderByClause != null">
      order by ${orderByClause}
    </if>
  </select>
  <select id="selectByPrimaryKey" parameterType="java.lang.Long" resultMap="BaseResultMap">
    <!--
      WARNING - @mbg.generated
      This element is automatically generated by MyBatis Generator, do not modify.
      This element was generated on Tue Jun 26 10:41:33 CST 2018.
    -->
    select 
    <include refid="Base_Column_List" />
    from poll_answers
    where id = #{id,jdbcType=BIGINT}
  </select>
  <delete id="deleteByPrimaryKey" parameterType="java.lang.Long">
    <!--
      WARNING - @mbg.generated
      This element is automatically generated by MyBatis Generator, do not modify.
      This element was generated on Tue Jun 26 10:41:33 CST 2018.
    -->
    delete from poll_answers
    where id = #{id,jdbcType=BIGINT}
  </delete>
  <delete id="deleteByExample" parameterType="com.briup.apps.poll1.bean.AnswersExample">
    <!--
      WARNING - @mbg.generated
      This element is automatically generated by MyBatis Generator, do not modify.
      This element was generated on Tue Jun 26 10:41:33 CST 2018.
    -->
    delete from poll_answers
    <if test="_parameter != null">
      <include refid="Example_Where_Clause" />
    </if>
  </delete>
  <insert id="insert" parameterType="com.briup.apps.poll1.bean.Answers">
    <!--
      WARNING - @mbg.generated
      This element is automatically generated by MyBatis Generator, do not modify.
      This element was generated on Tue Jun 26 10:41:33 CST 2018.
    -->
    insert into poll_answers (id, selections, checkes, 
      content, survey_id)
    values (#{id,jdbcType=BIGINT}, #{selections,jdbcType=VARCHAR}, #{checkes,jdbcType=VARCHAR}, 
      #{content,jdbcType=VARCHAR}, #{surveyId,jdbcType=BIGINT})
  </insert>
  <insert id="insertSelective" parameterType="com.briup.apps.poll1.bean.Answers">
    <!--
      WARNING - @mbg.generated
      This element is automatically generated by MyBatis Generator, do not modify.
      This element was generated on Tue Jun 26 10:41:33 CST 2018.
    -->
    insert into poll_answers
    <trim prefix="(" suffix=")" suffixOverrides=",">
      <if test="id != null">
        id,
      </if>
      <if test="selections != null">
        selections,
      </if>
      <if test="checkes != null">
        checkes,
      </if>
      <if test="content != null">
        content,
      </if>
      <if test="surveyId != null">
        survey_id,
      </if>
    </trim>
    <trim prefix="values (" suffix=")" suffixOverrides=",">
      <if test="id != null">
        #{id,jdbcType=BIGINT},
      </if>
      <if test="selections != null">
        #{selections,jdbcType=VARCHAR},
      </if>
      <if test="checkes != null">
        #{checkes,jdbcType=VARCHAR},
      </if>
      <if test="content != null">
        #{content,jdbcType=VARCHAR},
      </if>
      <if test="surveyId != null">
        #{surveyId,jdbcType=BIGINT},
      </if>
    </trim>
  </insert>
  <select id="countByExample" parameterType="com.briup.apps.poll1.bean.AnswersExample" resultType="java.lang.Long">
    <!--
      WARNING - @mbg.generated
      This element is automatically generated by MyBatis Generator, do not modify.
      This element was generated on Tue Jun 26 10:41:33 CST 2018.
    -->
    select count(*) from poll_answers
    <if test="_parameter != null">
      <include refid="Example_Where_Clause" />
    </if>
  </select>
  <update id="updateByExampleSelective" parameterType="map">
    <!--
      WARNING - @mbg.generated
      This element is automatically generated by MyBatis Generator, do not modify.
      This element was generated on Tue Jun 26 10:41:33 CST 2018.
    -->
    update poll_answers
    <set>
      <if test="record.id != null">
        id = #{record.id,jdbcType=BIGINT},
      </if>
      <if test="record.selections != null">
        selections = #{record.selections,jdbcType=VARCHAR},
      </if>
      <if test="record.checkes != null">
        checkes = #{record.checkes,jdbcType=VARCHAR},
      </if>
      <if test="record.content != null">
        content = #{record.content,jdbcType=VARCHAR},
      </if>
      <if test="record.surveyId != null">
        survey_id = #{record.surveyId,jdbcType=BIGINT},
      </if>
    </set>
    <if test="_parameter != null">
      <include refid="Update_By_Example_Where_Clause" />
    </if>
  </update>
  <update id="updateByExample" parameterType="map">
    <!--
      WARNING - @mbg.generated
      This element is automatically generated by MyBatis Generator, do not modify.
      This element was generated on Tue Jun 26 10:41:33 CST 2018.
    -->
    update poll_answers
    set id = #{record.id,jdbcType=BIGINT},
      selections = #{record.selections,jdbcType=VARCHAR},
      checkes = #{record.checkes,jdbcType=VARCHAR},
      content = #{record.content,jdbcType=VARCHAR},
      survey_id = #{record.surveyId,jdbcType=BIGINT}
    <if test="_parameter != null">
      <include refid="Update_By_Example_Where_Clause" />
    </if>
  </update>
  <update id="updateByPrimaryKeySelective" parameterType="com.briup.apps.poll1.bean.Answers">
    <!--
      WARNING - @mbg.generated
      This element is automatically generated by MyBatis Generator, do not modify.
      This element was generated on Tue Jun 26 10:41:33 CST 2018.
    -->
    update poll_answers
    <set>
      <if test="selections != null">
        selections = #{selections,jdbcType=VARCHAR},
      </if>
      <if test="checkes != null">
        checkes = #{checkes,jdbcType=VARCHAR},
      </if>
      <if test="content != null">
        content = #{content,jdbcType=VARCHAR},
      </if>
      <if test="surveyId != null">
        survey_id = #{surveyId,jdbcType=BIGINT},
      </if>
    </set>
    where id = #{id,jdbcType=BIGINT}
  </update>
  <update id="updateByPrimaryKey" parameterType="com.briup.apps.poll1.bean.Answers">
    <!--
      WARNING - @mbg.generated
      This element is automatically generated by MyBatis Generator, do not modify.
      This element was generated on Tue Jun 26 10:41:33 CST 2018.
    -->
    update poll_answers
    set selections = #{selections,jdbcType=VARCHAR},
      checkes = #{checkes,jdbcType=VARCHAR},
      content = #{content,jdbcType=VARCHAR},
      survey_id = #{surveyId,jdbcType=BIGINT}
    where id = #{id,jdbcType=BIGINT}
  </update>
</mapper>