<?xml version="1.0" encoding="UTF-8"?>
<!DOCTYPE mapper PUBLIC "-//mybatis.org//DTD Mapper 3.0//EN" "http://mybatis.org/dtd/mybatis-3-mapper.dtd">
<mapper namespace="com.briup.apps.poll1.dao.SurveyMapper">
  <resultMap id="BaseResultMap" type="com.briup.apps.poll1.bean.Survey">
    <!--
      WARNING - @mbg.generated
      This element is automatically generated by MyBatis Generator, do not modify.
      This element was generated on Tue Jun 26 10:41:33 CST 2018.
    -->
    <id column="id" jdbcType="BIGINT" property="id" />
    <result column="status" jdbcType="VARCHAR" property="status" />
    <result column="code" jdbcType="VARCHAR" property="code" />
    <result column="surveyDate" jdbcType="VARCHAR" property="surveydate" />
    <result column="course_id" jdbcType="BIGINT" property="courseId" />
    <result column="clazz_id" jdbcType="BIGINT" property="clazzId" />
    <result column="user_id" jdbcType="BIGINT" property="userId" />
    <result column="questionnaire_id" jdbcType="BIGINT" property="questionnaireId" />
  </resultMap>
  <sql id="Example_Where_Clause">
    <!--
      WARNING - @mbg.generated
      This element is automatically generated by MyBatis Generator, do not modify.
      This element was generated on Tue Jun 26 10:41:33 CST 2018.
    -->
    <where>
      <foreach collection="oredCriteria" item="criteria" separator="or">
        <if test="criteria.valid">
          <trim prefix="(" prefixOverrides="and" suffix=")">
            <foreach collection="criteria.criteria" item="criterion">
              <choose>
                <when test="criterion.noValue">
                  and ${criterion.condition}
                </when>
                <when test="criterion.singleValue">
                  and ${criterion.condition} #{criterion.value}
                </when>
                <when test="criterion.betweenValue">
                  and ${criterion.condition} #{criterion.value} and #{criterion.secondValue}
                </when>
                <when test="criterion.listValue">
                  and ${criterion.condition}
                  <foreach close=")" collection="criterion.value" item="listItem" open="(" separator=",">
                    #{listItem}
                  </foreach>
                </when>
              </choose>
            </foreach>
          </trim>
        </if>
      </foreach>
    </where>
  </sql>
  <sql id="Update_By_Example_Where_Clause">
    <!--
      WARNING - @mbg.generated
      This element is automatically generated by MyBatis Generator, do not modify.
      This element was generated on Tue Jun 26 10:41:33 CST 2018.
    -->
    <where>
      <foreach collection="example.oredCriteria" item="criteria" separator="or">
        <if test="criteria.valid">
          <trim prefix="(" prefixOverrides="and" suffix=")">
            <foreach collection="criteria.criteria" item="criterion">
              <choose>
                <when test="criterion.noValue">
                  and ${criterion.condition}
                </when>
                <when test="criterion.singleValue">
                  and ${criterion.condition} #{criterion.value}
                </when>
                <when test="criterion.betweenValue">
                  and ${criterion.condition} #{criterion.value} and #{criterion.secondValue}
                </when>
                <when test="criterion.listValue">
                  and ${criterion.condition}
                  <foreach close=")" collection="criterion.value" item="listItem" open="(" separator=",">
                    #{listItem}
                  </foreach>
                </when>
              </choose>
            </foreach>
          </trim>
        </if>
      </foreach>
    </where>
  </sql>
  <sql id="Base_Column_List">
    <!--
      WARNING - @mbg.generated
      This element is automatically generated by MyBatis Generator, do not modify.
      This element was generated on Tue Jun 26 10:41:33 CST 2018.
    -->
    id, status, code, surveyDate, course_id, clazz_id, user_id, questionnaire_id
  </sql>
  <select id="selectByExample" parameterType="com.briup.apps.poll1.bean.SurveyExample" resultMap="BaseResultMap">
    <!--
      WARNING - @mbg.generated
      This element is automatically generated by MyBatis Generator, do not modify.
      This element was generated on Tue Jun 26 10:41:33 CST 2018.
    -->
    select
    <if test="distinct">
      distinct
    </if>
    <include refid="Base_Column_List" />
    from poll_survey
    <if test="_parameter != null">
      <include refid="Example_Where_Clause" />
    </if>
    <if test="orderByClause != null">
      order by ${orderByClause}
    </if>
  </select>
  <select id="selectByPrimaryKey" parameterType="java.lang.Long" resultMap="BaseResultMap">
    <!--
      WARNING - @mbg.generated
      This element is automatically generated by MyBatis Generator, do not modify.
      This element was generated on Tue Jun 26 10:41:33 CST 2018.
    -->
    select 
    <include refid="Base_Column_List" />
    from poll_survey
    where id = #{id,jdbcType=BIGINT}
  </select>
  <delete id="deleteByPrimaryKey" parameterType="java.lang.Long">
    <!--
      WARNING - @mbg.generated
      This element is automatically generated by MyBatis Generator, do not modify.
      This element was generated on Tue Jun 26 10:41:33 CST 2018.
    -->
    delete from poll_survey
    where id = #{id,jdbcType=BIGINT}
  </delete>
  <delete id="deleteByExample" parameterType="com.briup.apps.poll1.bean.SurveyExample">
    <!--
      WARNING - @mbg.generated
      This element is automatically generated by MyBatis Generator, do not modify.
      This element was generated on Tue Jun 26 10:41:33 CST 2018.
    -->
    delete from poll_survey
    <if test="_parameter != null">
      <include refid="Example_Where_Clause" />
    </if>
  </delete>
  <insert id="insert" parameterType="com.briup.apps.poll1.bean.Survey">
    <!--
      WARNING - @mbg.generated
      This element is automatically generated by MyBatis Generator, do not modify.
      This element was generated on Tue Jun 26 10:41:33 CST 2018.
    -->
    insert into poll_survey (id, status, code, 
      surveyDate, course_id, clazz_id, 
      user_id, questionnaire_id)
    values (#{id,jdbcType=BIGINT}, #{status,jdbcType=VARCHAR}, #{code,jdbcType=VARCHAR}, 
      #{surveydate,jdbcType=VARCHAR}, #{courseId,jdbcType=BIGINT}, #{clazzId,jdbcType=BIGINT}, 
      #{userId,jdbcType=BIGINT}, #{questionnaireId,jdbcType=BIGINT})
  </insert>
  <insert id="insertSelective" parameterType="com.briup.apps.poll1.bean.Survey">
    <!--
      WARNING - @mbg.generated
      This element is automatically generated by MyBatis Generator, do not modify.
      This element was generated on Tue Jun 26 10:41:33 CST 2018.
    -->
    insert into poll_survey
    <trim prefix="(" suffix=")" suffixOverrides=",">
      <if test="id != null">
        id,
      </if>
      <if test="status != null">
        status,
      </if>
      <if test="code != null">
        code,
      </if>
      <if test="surveydate != null">
        surveyDate,
      </if>
      <if test="courseId != null">
        course_id,
      </if>
      <if test="clazzId != null">
        clazz_id,
      </if>
      <if test="userId != null">
        user_id,
      </if>
      <if test="questionnaireId != null">
        questionnaire_id,
      </if>
    </trim>
    <trim prefix="values (" suffix=")" suffixOverrides=",">
      <if test="id != null">
        #{id,jdbcType=BIGINT},
      </if>
      <if test="status != null">
        #{status,jdbcType=VARCHAR},
      </if>
      <if test="code != null">
        #{code,jdbcType=VARCHAR},
      </if>
      <if test="surveydate != null">
        #{surveydate,jdbcType=VARCHAR},
      </if>
      <if test="courseId != null">
        #{courseId,jdbcType=BIGINT},
      </if>
      <if test="clazzId != null">
        #{clazzId,jdbcType=BIGINT},
      </if>
      <if test="userId != null">
        #{userId,jdbcType=BIGINT},
      </if>
      <if test="questionnaireId != null">
        #{questionnaireId,jdbcType=BIGINT},
      </if>
    </trim>
  </insert>
  <select id="countByExample" parameterType="com.briup.apps.poll1.bean.SurveyExample" resultType="java.lang.Long">
    <!--
      WARNING - @mbg.generated
      This element is automatically generated by MyBatis Generator, do not modify.
      This element was generated on Tue Jun 26 10:41:33 CST 2018.
    -->
    select count(*) from poll_survey
    <if test="_parameter != null">
      <include refid="Example_Where_Clause" />
    </if>
  </select>
  <update id="updateByExampleSelective" parameterType="map">
    <!--
      WARNING - @mbg.generated
      This element is automatically generated by MyBatis Generator, do not modify.
      This element was generated on Tue Jun 26 10:41:33 CST 2018.
    -->
    update poll_survey
    <set>
      <if test="record.id != null">
        id = #{record.id,jdbcType=BIGINT},
      </if>
      <if test="record.status != null">
        status = #{record.status,jdbcType=VARCHAR},
      </if>
      <if test="record.code != null">
        code = #{record.code,jdbcType=VARCHAR},
      </if>
      <if test="record.surveydate != null">
        surveyDate = #{record.surveydate,jdbcType=VARCHAR},
      </if>
      <if test="record.courseId != null">
        course_id = #{record.courseId,jdbcType=BIGINT},
      </if>
      <if test="record.clazzId != null">
        clazz_id = #{record.clazzId,jdbcType=BIGINT},
      </if>
      <if test="record.userId != null">
        user_id = #{record.userId,jdbcType=BIGINT},
      </if>
      <if test="record.questionnaireId != null">
        questionnaire_id = #{record.questionnaireId,jdbcType=BIGINT},
      </if>
    </set>
    <if test="_parameter != null">
      <include refid="Update_By_Example_Where_Clause" />
    </if>
  </update>
  <update id="updateByExample" parameterType="map">
    <!--
      WARNING - @mbg.generated
      This element is automatically generated by MyBatis Generator, do not modify.
      This element was generated on Tue Jun 26 10:41:33 CST 2018.
    -->
    update poll_survey
    set id = #{record.id,jdbcType=BIGINT},
      status = #{record.status,jdbcType=VARCHAR},
      code = #{record.code,jdbcType=VARCHAR},
      surveyDate = #{record.surveydate,jdbcType=VARCHAR},
      course_id = #{record.courseId,jdbcType=BIGINT},
      clazz_id = #{record.clazzId,jdbcType=BIGINT},
      user_id = #{record.userId,jdbcType=BIGINT},
      questionnaire_id = #{record.questionnaireId,jdbcType=BIGINT}
    <if test="_parameter != null">
      <include refid="Update_By_Example_Where_Clause" />
    </if>
  </update>
  <update id="updateByPrimaryKeySelective" parameterType="com.briup.apps.poll1.bean.Survey">
    <!--
      WARNING - @mbg.generated
      This element is automatically generated by MyBatis Generator, do not modify.
      This element was generated on Tue Jun 26 10:41:33 CST 2018.
    -->
    update poll_survey
    <set>
      <if test="status != null">
        status = #{status,jdbcType=VARCHAR},
      </if>
      <if test="code != null">
        code = #{code,jdbcType=VARCHAR},
      </if>
      <if test="surveydate != null">
        surveyDate = #{surveydate,jdbcType=VARCHAR},
      </if>
      <if test="courseId != null">
        course_id = #{courseId,jdbcType=BIGINT},
      </if>
      <if test="clazzId != null">
        clazz_id = #{clazzId,jdbcType=BIGINT},
      </if>
      <if test="userId != null">
        user_id = #{userId,jdbcType=BIGINT},
      </if>
      <if test="questionnaireId != null">
        questionnaire_id = #{questionnaireId,jdbcType=BIGINT},
      </if>
    </set>
    where id = #{id,jdbcType=BIGINT}
  </update>
  <update id="updateByPrimaryKey" parameterType="com.briup.apps.poll1.bean.Survey">
    <!--
      WARNING - @mbg.generated
      This element is automatically generated by MyBatis Generator, do not modify.
      This element was generated on Tue Jun 26 10:41:33 CST 2018.
    -->
    update poll_survey
    set status = #{status,jdbcType=VARCHAR},
      code = #{code,jdbcType=VARCHAR},
      surveyDate = #{surveydate,jdbcType=VARCHAR},
      course_id = #{courseId,jdbcType=BIGINT},
      clazz_id = #{clazzId,jdbcType=BIGINT},
      user_id = #{userId,jdbcType=BIGINT},
      questionnaire_id = #{questionnaireId,jdbcType=BIGINT}
    where id = #{id,jdbcType=BIGINT}
  </update>
</mapper>