<?xml version="1.0" encoding="UTF-8"?>
<!DOCTYPE mapper PUBLIC "-//mybatis.org//DTD Mapper 3.0//EN" 
"http://mybatis.org/dtd/mybatis-3-mapper.dtd">
<mapper namespace="com.briup.apps.poll1.dao.extend.ClazzVMMapper">

  <select id="selectAll" resultMap="ClazzVMResultMap">
  	select * from poll_clazz
  	<!-- id name description grade_id charge_id -->
  </select>
   <select id="selectById" parameterType="long" resultMap="ClazzVMResultMap">
  	select * from poll_clazz where id = #{id}
 </select>
  
  <resultMap type="com.briup.apps.poll1.bean.extend.ClazzVM" 
  	id="ClazzVMResultMap">
  	<id column="id" property="id"/>
  	<result column="name" property="name"/>
  	<result column="description" property="description"/>
  	<association 
  		column="grade_id" 
  		select="com.briup.apps.poll1.dao.GradeMapper.selectByPrimaryKey"
  		property="grade" >
  	</association>
  	<association 
  		column="charge_id" 
  		select="com.briup.apps.poll1.dao.UserMapper.selectByPrimaryKey"
  		property="charge" >
  	</association>
  </resultMap>
</mapper>










