<?xml version="1.0" encoding="UTF-8"?>
<!DOCTYPE mapper PUBLIC "-//mybatis.org//DTD Mapper 3.0//EN" "http://mybatis.org/dtd/mybatis-3-mapper.dtd">
<mapper namespace="com.briup.apps.poll1.dao.extend.QuestionVMMapper">
	<select id="selectAll" resultMap="QuestionVMResultMap">
		select * from poll_question
		<!-- id name questionType -->
	</select>
	<resultMap type="com.briup.apps.poll1.bean.extend.QuestionVM" id="QuestionVMResultMap">
		<id column="id" property="id" />
		<result column="name" property="name" />
		<result column="questionType" property="questionType" />
		<collection column="id"  property="options" javaType="ArrayList" ofType="com.briup.apps.poll1.bean.Options" select="selectOptionsByQuestionId"></collection>
	</resultMap>
	<select id="selectOptionsByQuestionId" resultType="com.briup.apps.poll1.bean.Options">
	select * from poll_options where question_id=#{id}
	</select>
		  <!-- 通过 questionnaire_id 找到该问卷下所有问题的信息 -->
	<select id="selectByQuestionnaireId" parameterType="long" resultMap="QuestionVMResultMap">
		select * from poll_question where id in (
  		select question_id from poll_qq where questionnaire_id = #{id}
  	)
	
	</select>
</mapper>