<?xml version="1.0" encoding="UTF-8"?>
<!DOCTYPE mapper PUBLIC "-//mybatis.org//DTD Mapper 3.0//EN" 
"http://mybatis.org/dtd/mybatis-3-mapper.dtd">
<mapper namespace="com.briup.apps.poll1.dao.extend.UserVMMapper">
	
	<select id="selectAll" resultMap="UserVMResultMap">
	select * from poll_user
	</select>
	
	<resultMap type="com.briup.apps.poll1.bean.extend.UserVM" 
	id="UserVMResultMap">
	<id column="id" property="id"/>
	<result column="name" property="name"/>
	<result column="gender" property="gender"/>
	<result column="birth" property="birth"/>
	<result column="hiredate" property="hiredate"/>
	<result column="type" property="type"/>
	
	<association 
  		column="grade_id" 
  		select="com.briup.apps.poll1.dao.GradeMapper.selectByPrimaryKey"
  		property="grade" >
  	</association>
  	</resultMap>
</mapper>
 